{"precision":{"0":0.808595242},"recall":{"0":0.8086642599},"f1score":{"0":0.8086191838},"y_predict":{"0":[1,0,0,1,1,0,1,0,0,0,1,0,0,0,0,0,1,1,1,1,0,1,0,0,1,1,0,0,1,0,1,0,0,0,1,1,1,1,0,1,1,0,1,0,0,1,1,1,0,1,1,1,0,1,0,0,1,1,0,0,0,1,0,1,0,1,1,0,1,1,1,1,1,1,0,0,1,1,1,1,0,0,0,1,1,0,1,0,1,0,0,1,1,1,1,0,1,1,1,1,1,1,0,1,0,0,0,0,0,1,1,0,1,1,1,1,1,0,1,1,1,1,1,0,0,0,0,0,0,1,1,0,1,1,1,1,1,1,0,1,1,1,0,1,0,0,1,1,1,0,1,1,1,1,0,1,0,1,0,1,1,0,1,0,1,1,0,0,1,1,0,0,1,0,0,1,1,0,0,1,1,1,0,1,0,0,0,0,1,1,1,0,0,1,0,1,1,1,0,0,1,0,0,0,0,0,0,1,0,0,1,0,1,0,0,0,0,0,0,0,1,0,1,1,0,0,1,1,1,0,0,0,1,1,0,0,0,0,0,0,1,1,1,0,1,1,0,1,0,0,0,1,0,1,0,1,0,1,0,1,1,1,1,1,0,1,1,0,1,1,1,1,0,1,0,0,1]},"y_real":{"0":[1,0,0,1,0,0,1,0,0,0,1,0,0,1,0,0,1,0,1,1,0,1,1,0,1,1,0,0,1,0,0,0,0,0,1,1,1,1,1,1,1,0,1,0,1,1,1,1,0,1,1,1,0,1,0,0,1,1,0,0,0,1,0,1,0,1,0,0,1,1,1,1,1,1,0,0,1,1,0,1,1,0,0,1,1,0,1,0,1,0,0,1,1,0,1,0,1,1,1,1,1,1,0,0,0,1,0,0,0,1,0,0,0,0,1,1,1,1,1,1,1,1,1,0,0,0,0,0,0,1,1,1,1,1,1,1,1,1,0,1,1,1,0,1,1,1,0,0,1,1,1,1,1,0,0,1,0,0,0,1,1,0,1,0,1,1,1,0,1,0,0,1,1,0,0,1,1,0,0,1,0,1,0,1,1,0,0,1,1,1,0,0,0,1,0,1,1,1,0,0,1,0,0,1,0,0,1,1,0,0,1,1,0,1,0,0,0,0,0,1,1,0,0,1,0,1,1,0,1,0,0,1,1,0,0,0,0,1,1,0,0,1,1,0,1,1,0,1,0,0,0,0,0,1,0,0,0,1,1,1,1,1,1,0,0,1,1,0,0,0,1,1,0,1,1,0,1]}}